frame,world,object,x,y,handed_off_to_simulator
0,obs,blue_metal_cube,-3.8289,-0.8655,0
0,obs,red_rubber_sphere,-3.712,3.6208,0
0,obs,brown_metal_cylinder,1.6456,2.1851,0
0,obs,gray_rubber_sphere,2.2078,-0.2935,0
1,obs,blue_metal_cube,-3.7898,-0.8209,0
1,obs,red_rubber_sphere,-3.6214,3.5507,0
1,obs,brown_metal_cylinder,1.6456,2.1851,0
1,obs,gray_rubber_sphere,2.2081,-0.2938,0
2,obs,blue_metal_cube,-3.7492,-0.7955,0
2,obs,red_rubber_sphere,-3.5475,3.4849,0
2,obs,brown_metal_cylinder,1.6452,2.1847,0
2,obs,gray_rubber_sphere,2.2096,-0.3051,0
3,obs,blue_metal_cube,-3.7159,-0.7432,0
3,obs,red_rubber_sphere,-3.4552,3.4202,0
3,obs,brown_metal_cylinder,1.6452,2.1847,0
3,obs,gray_rubber_sphere,2.2083,-0.2945,0
4,obs,blue_metal_cube,-3.6563,-0.7096,0
4,obs,red_rubber_sphere,-3.383,3.3801,0
4,obs,brown_metal_cylinder,1.6454,2.1847,0
4,obs,gray_rubber_sphere,2.2072,-0.3035,0
5,obs,blue_metal_cube,-3.6138,-0.647,0
5,obs,red_rubber_sphere,-3.2971,3.3161,0
5,obs,brown_metal_cylinder,1.6452,2.1847,0
5,obs,gray_rubber_sphere,2.2108,-0.3023,0
6,obs,blue_metal_cube,-3.5368,-0.5829,0
6,obs,red_rubber_sphere,-3.2084,3.2476,0
6,obs,brown_metal_cylinder,1.6452,2.1847,0
6,obs,gray_rubber_sphere,2.2072,-0.3035,0
7,obs,blue_metal_cube,-3.4328,-0.5274,0
7,obs,red_rubber_sphere,-3.1257,3.167,0
7,obs,brown_metal_cylinder,1.6454,2.1847,0
7,obs,gray_rubber_sphere,2.2075,-0.2934,0
8,obs,blue_metal_cube,-3.3284,-0.4568,0
8,obs,red_rubber_sphere,-3.0409,3.1002,0
8,obs,brown_metal_cylinder,1.6454,2.1847,0
8,obs,gray_rubber_sphere,2.2079,-0.2942,0
9,obs,blue_metal_cube,-3.2346,-0.3779,0
9,obs,red_rubber_sphere,-2.9631,3.0645,0
9,obs,brown_metal_cylinder,1.6454,2.1852,0
9,obs,gray_rubber_sphere,2.2075,-0.2934,0
10,obs,blue_metal_cube,-3.1289,-0.3186,0
10,obs,red_rubber_sphere,-2.8731,2.9901,0
10,obs,brown_metal_cylinder,1.6454,2.1847,0
10,obs,gray_rubber_sphere,2.2073,-0.2936,0
11,obs,blue_metal_cube,-3.0259,-0.2612,0
11,obs,red_rubber_sphere,-2.7889,2.9211,0
11,obs,brown_metal_cylinder,1.6454,2.1847,0
11,obs,gray_rubber_sphere,2.2073,-0.2936,0
12,obs,blue_metal_cube,-2.9342,-0.1969,0
12,obs,red_rubber_sphere,-2.7226,2.8864,0
12,obs,brown_metal_cylinder,1.6454,2.1847,0
12,obs,gray_rubber_sphere,2.2073,-0.2936,0
13,obs,blue_metal_cube,-2.8302,-0.1292,0
13,obs,red_rubber_sphere,-2.6229,2.81,0
13,obs,brown_metal_cylinder,1.6453,2.1842,0
13,obs,gray_rubber_sphere,2.2073,-0.2936,0
14,obs,blue_metal_cube,-2.7325,-0.0578,0
14,obs,red_rubber_sphere,-2.5347,2.7288,0
14,obs,brown_metal_cylinder,1.6453,2.1842,0
14,obs,gray_rubber_sphere,2.2073,-0.2936,0
15,obs,blue_metal_cube,-2.6337,0.0087,0
15,obs,red_rubber_sphere,-2.448,2.6753,0
15,obs,brown_metal_cylinder,1.6453,2.1842,0
15,obs,gray_rubber_sphere,2.2073,-0.2936,0
16,obs,blue_metal_cube,-2.5234,0.0589,0
16,obs,red_rubber_sphere,-2.3719,2.6001,0
16,obs,brown_metal_cylinder,1.6453,2.1842,0
16,obs,gray_rubber_sphere,2.2073,-0.2939,0
17,obs,blue_metal_cube,-2.4433,0.1347,0
17,obs,red_rubber_sphere,-2.2943,2.5728,0
17,obs,brown_metal_cylinder,1.6453,2.1842,0
17,obs,gray_rubber_sphere,2.2073,-0.2939,0
18,obs,blue_metal_cube,-2.3353,0.1897,0
18,obs,red_rubber_sphere,-2.2098,2.495,0
18,obs,brown_metal_cylinder,1.6451,2.1842,0
18,obs,gray_rubber_sphere,2.2074,-0.2933,0
19,obs,blue_metal_cube,-2.2475,0.2552,0
19,obs,red_rubber_sphere,-2.1265,2.448,0
19,obs,brown_metal_cylinder,1.6451,2.1842,0
19,obs,gray_rubber_sphere,2.2074,-0.2933,0
20,obs,blue_metal_cube,-2.148,0.3061,0
20,obs,red_rubber_sphere,-2.0459,2.3756,0
20,obs,brown_metal_cylinder,1.6454,2.1847,0
20,obs,gray_rubber_sphere,2.2074,-0.2933,0
21,obs,blue_metal_cube,-2.0541,0.3658,0
21,obs,red_rubber_sphere,-1.9453,2.301,0
21,obs,brown_metal_cylinder,1.6454,2.1852,0
21,obs,gray_rubber_sphere,2.2074,-0.2933,0
22,obs,blue_metal_cube,-1.9758,0.4317,0
22,obs,red_rubber_sphere,-1.8778,2.2565,0
22,obs,brown_metal_cylinder,1.6454,2.1852,0
22,obs,gray_rubber_sphere,2.2076,-0.2931,0
23,obs,blue_metal_cube,-1.8697,0.4942,0
23,obs,red_rubber_sphere,-1.7919,2.192,0
23,obs,brown_metal_cylinder,1.6454,2.1847,0
23,obs,gray_rubber_sphere,2.2076,-0.2931,0
24,obs,blue_metal_cube,-1.7843,0.5452,0
24,obs,red_rubber_sphere,-1.6975,2.1237,0
24,obs,brown_metal_cylinder,1.6453,2.1842,0
24,obs,gray_rubber_sphere,2.2075,-0.2928,0
25,obs,blue_metal_cube,-1.6874,0.601,0
25,obs,red_rubber_sphere,-1.6207,2.0528,0
25,obs,brown_metal_cylinder,1.6453,2.1842,0
25,obs,gray_rubber_sphere,2.2075,-0.2928,0
26,obs,blue_metal_cube,-1.601,0.6614,0
26,obs,red_rubber_sphere,-1.5373,2.0088,0
26,obs,brown_metal_cylinder,1.6454,2.1847,0
26,obs,gray_rubber_sphere,2.2075,-0.2928,0
27,obs,blue_metal_cube,-1.5012,0.7118,0
27,obs,red_rubber_sphere,-1.4554,1.9657,0
27,obs,brown_metal_cylinder,1.6452,2.1847,0
27,obs,gray_rubber_sphere,2.2075,-0.2928,0
28,obs,blue_metal_cube,-1.4275,0.7801,0
28,obs,red_rubber_sphere,-1.3636,1.9205,0
28,obs,brown_metal_cylinder,1.6454,2.1847,0
28,obs,gray_rubber_sphere,2.2074,-0.2933,0
29,obs,blue_metal_cube,-1.337,0.8114,0
29,obs,red_rubber_sphere,-1.2875,1.8972,0
29,obs,brown_metal_cylinder,1.6454,2.1847,0
29,obs,gray_rubber_sphere,2.2074,-0.2933,0
30,obs,blue_metal_cube,-1.246,0.8819,0
30,obs,red_rubber_sphere,-1.2032,1.8866,0
30,obs,brown_metal_cylinder,1.6454,2.1847,0
30,obs,gray_rubber_sphere,2.2074,-0.293,0
31,obs,blue_metal_cube,-1.1608,0.9334,0
31,obs,red_rubber_sphere,-1.1355,1.9052,0
31,obs,brown_metal_cylinder,1.6454,2.1847,0
31,obs,gray_rubber_sphere,2.2076,-0.2931,0
32,obs,blue_metal_cube,-1.0772,0.987,0
32,obs,red_rubber_sphere,-1.0535,1.8763,0
32,obs,brown_metal_cylinder,1.6454,2.1847,0
32,obs,gray_rubber_sphere,2.2074,-0.2936,0
33,obs,blue_metal_cube,-0.9978,1.0484,0
33,obs,red_rubber_sphere,-0.979,1.9113,0
33,obs,brown_metal_cylinder,1.6454,2.1847,0
33,obs,gray_rubber_sphere,2.2073,-0.2933,0
34,obs,blue_metal_cube,-0.9172,1.023,0
34,obs,red_rubber_sphere,-0.852,1.8545,0
34,obs,brown_metal_cylinder,1.6453,2.1842,0
34,obs,gray_rubber_sphere,2.2073,-0.2933,0
35,obs,blue_metal_cube,-0.8507,0.9782,0
35,obs,red_rubber_sphere,-0.738,1.8191,0
35,obs,brown_metal_cylinder,1.6453,2.1842,0
35,obs,gray_rubber_sphere,2.2072,-0.2935,0
36,obs,blue_metal_cube,-0.7842,0.9796,0
36,obs,red_rubber_sphere,-0.6227,1.7828,0
36,obs,brown_metal_cylinder,1.6454,2.1847,0
36,obs,gray_rubber_sphere,2.2072,-0.2935,0
37,obs,blue_metal_cube,-0.7072,0.9434,0
37,obs,red_rubber_sphere,-0.5256,1.7917,0
37,obs,brown_metal_cylinder,1.6454,2.1847,0
37,obs,gray_rubber_sphere,2.2072,-0.2938,0
38,obs,blue_metal_cube,-0.634,0.9032,0
38,obs,red_rubber_sphere,-0.4348,1.7925,0
38,obs,brown_metal_cylinder,1.6454,2.1847,0
38,obs,gray_rubber_sphere,2.2094,-0.3057,0
39,obs,blue_metal_cube,-0.5752,0.8884,0
39,obs,red_rubber_sphere,-0.3425,1.8088,0
39,obs,brown_metal_cylinder,1.6458,2.1846,0
39,obs,gray_rubber_sphere,2.2071,-0.2941,0
40,obs,blue_metal_cube,-0.5055,0.8508,0
40,obs,red_rubber_sphere,-0.2534,1.8076,0
40,obs,brown_metal_cylinder,1.646,2.1847,0
40,obs,gray_rubber_sphere,2.2071,-0.2941,0
41,obs,blue_metal_cube,-0.439,0.8253,0
41,obs,red_rubber_sphere,-0.1542,1.8371,0
41,obs,brown_metal_cylinder,1.6462,2.185,0
41,obs,gray_rubber_sphere,2.2094,-0.306,0
42,obs,blue_metal_cube,-0.3709,0.8016,0
42,obs,red_rubber_sphere,-0.0666,1.8551,0
42,obs,brown_metal_cylinder,1.6459,2.1842,0
42,obs,gray_rubber_sphere,2.2075,-0.2936,0
43,obs,blue_metal_cube,-0.3083,0.7686,0
43,obs,red_rubber_sphere,0.036,1.8772,0
43,obs,brown_metal_cylinder,1.6457,2.1841,0
43,obs,gray_rubber_sphere,2.2075,-0.2936,0
44,obs,blue_metal_cube,-0.2367,0.725,0
44,obs,red_rubber_sphere,0.1203,1.9162,0
44,obs,brown_metal_cylinder,1.6453,2.1842,0
44,obs,gray_rubber_sphere,2.2074,-0.2933,0
45,obs,blue_metal_cube,-0.1798,0.6975,0
45,obs,red_rubber_sphere,0.2249,1.9497,0
45,obs,brown_metal_cylinder,1.645,2.184,0
45,obs,gray_rubber_sphere,2.2075,-0.2933,0
46,obs,blue_metal_cube,-0.1184,0.6759,0
46,obs,red_rubber_sphere,0.3172,1.9681,0
46,obs,brown_metal_cylinder,1.6454,2.1838,0
46,obs,gray_rubber_sphere,2.2093,-0.3053,0
47,obs,blue_metal_cube,-0.0539,0.643,0
47,obs,red_rubber_sphere,0.4248,1.988,0
47,obs,brown_metal_cylinder,1.6463,2.1827,0
47,obs,gray_rubber_sphere,2.2094,-0.3057,0
48,obs,blue_metal_cube,0.0068,0.6267,0
48,obs,red_rubber_sphere,0.518,2.0422,0
48,obs,brown_metal_cylinder,1.6465,2.1828,0
48,obs,gray_rubber_sphere,2.2096,-0.3059,0
49,obs,blue_metal_cube,0.0743,0.5898,0
49,obs,red_rubber_sphere,0.6076,2.0544,0
49,obs,brown_metal_cylinder,1.6463,2.1828,0
49,obs,gray_rubber_sphere,2.2075,-0.2934,0
50,obs,blue_metal_cube,0.1331,0.5693,0
50,obs,red_rubber_sphere,0.7019,2.0956,0
50,obs,brown_metal_cylinder,1.6474,2.1839,0
50,obs,gray_rubber_sphere,2.2075,-0.2938,0
51,obs,blue_metal_cube,0.2028,0.5378,0
51,obs,red_rubber_sphere,0.8002,2.1294,0
51,obs,brown_metal_cylinder,1.6476,2.1838,0
51,obs,gray_rubber_sphere,2.2096,-0.306,0
52,obs,blue_metal_cube,0.2674,0.5003,0
52,obs,red_rubber_sphere,0.8891,2.1528,0
52,obs,brown_metal_cylinder,1.6509,2.1665,0
52,obs,gray_rubber_sphere,2.2094,-0.3068,0
53,obs,blue_metal_cube,0.3278,0.4747,0
53,obs,red_rubber_sphere,0.9872,2.1804,0
53,obs,brown_metal_cylinder,1.6444,2.1694,0
53,obs,gray_rubber_sphere,2.2092,-0.3073,0
54,obs,blue_metal_cube,0.3895,0.4449,0
54,obs,red_rubber_sphere,1.015,2.2136,0
54,obs,brown_metal_cylinder,1.6987,2.1697,0
54,obs,gray_rubber_sphere,2.2091,-0.3071,0
55,obs,blue_metal_cube,0.4479,0.4207,0
55,obs,red_rubber_sphere,1.047,2.2473,0
55,obs,brown_metal_cylinder,1.7411,2.1657,0
55,obs,gray_rubber_sphere,2.2091,-0.3071,0
56,obs,blue_metal_cube,0.511,0.3885,0
56,obs,red_rubber_sphere,1.0833,2.2878,0
56,obs,brown_metal_cylinder,1.7835,2.1601,0
56,obs,gray_rubber_sphere,2.209,-0.307,0
57,obs,blue_metal_cube,0.5662,0.3652,0
57,obs,red_rubber_sphere,1.1148,2.3143,0
57,obs,brown_metal_cylinder,1.8352,2.178,0
57,obs,gray_rubber_sphere,2.2088,-0.3067,0
58,obs,blue_metal_cube,0.6371,0.3494,0
58,obs,red_rubber_sphere,1.1392,2.3486,0
58,obs,brown_metal_cylinder,1.8805,2.1755,0
58,obs,gray_rubber_sphere,2.2088,-0.307,0
59,obs,blue_metal_cube,0.6893,0.318,0
59,obs,red_rubber_sphere,1.1703,2.3611,0
59,obs,brown_metal_cylinder,1.9297,2.1766,0
59,obs,gray_rubber_sphere,2.2085,-0.3071,0
60,obs,blue_metal_cube,0.7511,0.2931,0
60,obs,red_rubber_sphere,1.207,2.4127,0
60,obs,brown_metal_cylinder,1.9746,2.1885,0
60,obs,gray_rubber_sphere,2.2087,-0.3066,0
61,obs,blue_metal_cube,0.8072,0.2589,0
61,obs,red_rubber_sphere,1.232,2.4247,0
61,obs,brown_metal_cylinder,2.0223,2.1671,0
61,obs,gray_rubber_sphere,2.2087,-0.3066,0
62,obs,blue_metal_cube,0.8621,0.2389,0
62,obs,red_rubber_sphere,1.2617,2.4599,0
62,obs,brown_metal_cylinder,2.0664,2.1813,0
62,obs,gray_rubber_sphere,2.2083,-0.3061,0
63,obs,blue_metal_cube,0.9227,0.2077,0
63,obs,red_rubber_sphere,1.2903,2.5105,0
63,obs,brown_metal_cylinder,2.1085,2.1638,0
63,obs,gray_rubber_sphere,2.2086,-0.3063,0
64,obs,blue_metal_cube,0.977,0.1842,0
64,obs,red_rubber_sphere,1.3242,2.5097,0
64,obs,brown_metal_cylinder,2.1518,2.1761,0
64,obs,gray_rubber_sphere,2.2086,-0.3063,0
65,obs,blue_metal_cube,1.0418,0.158,0
65,obs,red_rubber_sphere,1.3608,2.5408,0
65,obs,brown_metal_cylinder,2.1958,2.176,0
65,obs,gray_rubber_sphere,2.2063,-0.306,0
66,obs,blue_metal_cube,1.1014,0.1294,0
66,obs,red_rubber_sphere,1.3846,2.571,0
66,obs,brown_metal_cylinder,2.2422,2.171,0
66,obs,gray_rubber_sphere,2.2067,-0.3058,0
67,obs,blue_metal_cube,1.1536,0.113,0
67,obs,red_rubber_sphere,1.4178,2.6079,0
67,obs,brown_metal_cylinder,2.2847,2.1726,0
67,obs,gray_rubber_sphere,2.207,-0.3055,0
68,obs,blue_metal_cube,1.2156,0.0911,0
68,obs,red_rubber_sphere,1.4438,2.642,0
68,obs,brown_metal_cylinder,2.3281,2.1651,0
68,obs,gray_rubber_sphere,2.2072,-0.3053,0
69,obs,blue_metal_cube,1.2691,0.0515,0
69,obs,red_rubber_sphere,1.4674,2.6763,0
69,obs,brown_metal_cylinder,2.3648,2.1761,0
69,obs,gray_rubber_sphere,2.2066,-0.305,0
70,obs,blue_metal_cube,1.32,0.0416,0
70,obs,red_rubber_sphere,1.5038,2.6848,0
70,obs,brown_metal_cylinder,2.4058,2.178,0
70,obs,gray_rubber_sphere,2.2096,-0.3017,0
71,obs,blue_metal_cube,1.3905,0.0115,0
71,obs,red_rubber_sphere,1.5369,2.7205,0
71,obs,brown_metal_cylinder,2.4483,2.1717,0
71,obs,gray_rubber_sphere,2.2093,-0.3015,0
72,obs,blue_metal_cube,1.4448,-0.0057,0
72,obs,red_rubber_sphere,1.5679,2.7501,0
72,obs,brown_metal_cylinder,2.4866,2.1722,0
72,obs,gray_rubber_sphere,2.2084,-0.3002,0
73,obs,blue_metal_cube,1.4852,-0.0298,0
73,obs,red_rubber_sphere,1.5904,2.7811,0
73,obs,brown_metal_cylinder,2.5306,2.1657,0
73,obs,gray_rubber_sphere,2.2193,-0.3023,0
74,obs,blue_metal_cube,1.5079,-0.0568,0
74,obs,red_rubber_sphere,1.6163,2.8141,0
74,obs,brown_metal_cylinder,2.5718,2.166,0
74,obs,gray_rubber_sphere,2.247,-0.3152,0
75,obs,blue_metal_cube,1.5443,-0.0625,0
75,obs,red_rubber_sphere,1.6525,2.8298,0
75,obs,brown_metal_cylinder,2.6156,2.1827,0
75,obs,gray_rubber_sphere,2.2734,-0.3172,0
76,obs,blue_metal_cube,1.5636,-0.0905,0
76,obs,red_rubber_sphere,1.6835,2.8697,0
76,obs,brown_metal_cylinder,2.6474,2.1754,0
76,obs,gray_rubber_sphere,2.2948,-0.3137,0
77,obs,blue_metal_cube,1.5956,-0.114,0
77,obs,red_rubber_sphere,1.7161,2.8988,0
77,obs,brown_metal_cylinder,2.6859,2.1538,0
77,obs,gray_rubber_sphere,2.3227,-0.3259,0
78,obs,blue_metal_cube,1.6226,-0.1305,0
78,obs,red_rubber_sphere,1.7358,2.9282,0
78,obs,brown_metal_cylinder,2.725,2.1606,0
78,obs,gray_rubber_sphere,2.3478,-0.3256,0
79,obs,blue_metal_cube,1.6525,-0.148,0
79,obs,red_rubber_sphere,1.769,2.9645,0
79,obs,brown_metal_cylinder,2.7648,2.1818,0
79,obs,gray_rubber_sphere,2.3842,-0.3271,0
80,obs,blue_metal_cube,1.6816,-0.1581,0
80,obs,red_rubber_sphere,1.7997,2.9859,0
80,obs,brown_metal_cylinder,2.8001,2.1689,0
80,obs,gray_rubber_sphere,2.4068,-0.3307,0
81,obs,blue_metal_cube,1.7102,-0.1867,0
81,obs,red_rubber_sphere,1.8208,3.0265,0
81,obs,brown_metal_cylinder,2.8402,2.1687,0
81,obs,gray_rubber_sphere,2.4305,-0.336,0
82,obs,blue_metal_cube,1.7372,-0.1925,0
82,obs,red_rubber_sphere,1.8509,3.0398,0
82,obs,brown_metal_cylinder,2.8657,2.1805,0
82,obs,gray_rubber_sphere,2.457,-0.3363,0
83,obs,blue_metal_cube,1.7673,-0.2127,0
83,obs,red_rubber_sphere,1.881,3.0787,0
83,obs,brown_metal_cylinder,2.9053,2.1751,0
83,obs,gray_rubber_sphere,2.4915,-0.3469,0
84,obs,blue_metal_cube,1.7898,-0.2327,0
84,obs,red_rubber_sphere,1.9061,3.0875,0
84,obs,brown_metal_cylinder,2.9418,2.1696,0
84,obs,gray_rubber_sphere,2.5111,-0.3391,0
85,obs,blue_metal_cube,1.8216,-0.2514,0
85,obs,red_rubber_sphere,1.9273,3.1441,0
85,obs,brown_metal_cylinder,2.9727,2.1813,0
85,obs,gray_rubber_sphere,2.5462,-0.3472,0
86,obs,blue_metal_cube,1.838,-0.2689,0
86,obs,red_rubber_sphere,1.9705,3.1566,0
86,obs,brown_metal_cylinder,3.0142,2.1606,0
86,obs,gray_rubber_sphere,2.5729,-0.3529,0
87,obs,blue_metal_cube,1.8711,-0.2775,0
87,obs,red_rubber_sphere,1.9888,3.185,0
87,obs,brown_metal_cylinder,3.0452,2.1545,0
87,obs,gray_rubber_sphere,2.5996,-0.3659,0
88,obs,blue_metal_cube,1.8927,-0.3046,0
88,obs,red_rubber_sphere,2.0233,3.2279,0
88,obs,brown_metal_cylinder,3.0769,2.1663,0
88,obs,gray_rubber_sphere,2.6223,-0.3688,0
89,obs,blue_metal_cube,1.9238,-0.3183,0
89,obs,red_rubber_sphere,2.0511,3.2345,0
89,obs,brown_metal_cylinder,3.1165,2.1638,0
89,obs,gray_rubber_sphere,2.649,-0.3735,0
90,obs,blue_metal_cube,1.9492,-0.3374,0
90,obs,red_rubber_sphere,2.0735,3.2679,0
90,obs,brown_metal_cylinder,3.1439,2.172,0
90,obs,gray_rubber_sphere,2.6795,-0.3612,0
91,obs,blue_metal_cube,1.9741,-0.3555,0
91,obs,red_rubber_sphere,2.1102,3.2858,0
91,obs,brown_metal_cylinder,3.169,2.1563,0
91,obs,gray_rubber_sphere,2.7066,-0.3718,0
92,obs,blue_metal_cube,1.9942,-0.3733,0
92,obs,red_rubber_sphere,2.1366,3.3184,0
92,obs,brown_metal_cylinder,3.1887,2.1576,0
92,obs,gray_rubber_sphere,2.731,-0.381,0
93,obs,blue_metal_cube,2.0221,-0.3914,0
93,obs,red_rubber_sphere,2.1722,3.3508,0
93,obs,brown_metal_cylinder,3.2106,2.128,0
93,obs,gray_rubber_sphere,2.754,-0.3876,0
94,obs,blue_metal_cube,2.0473,-0.4004,0
94,obs,red_rubber_sphere,2.1853,3.3787,0
94,obs,brown_metal_cylinder,3.224,2.1248,0
94,obs,gray_rubber_sphere,2.7804,-0.3904,0
95,obs,blue_metal_cube,2.0763,-0.4106,0
95,obs,red_rubber_sphere,2.2218,3.3987,0
95,obs,brown_metal_cylinder,3.252,2.1168,0
95,obs,gray_rubber_sphere,2.8081,-0.3902,0
96,obs,blue_metal_cube,2.098,-0.4334,0
96,obs,red_rubber_sphere,2.2468,3.4499,0
96,obs,brown_metal_cylinder,3.2621,2.1221,0
96,obs,gray_rubber_sphere,2.8347,-0.3946,0
97,obs,blue_metal_cube,2.1172,-0.4437,0
97,obs,red_rubber_sphere,2.276,3.4592,0
97,obs,brown_metal_cylinder,3.269,2.121,0
97,obs,gray_rubber_sphere,2.8612,-0.3951,0
98,obs,blue_metal_cube,2.1395,-0.4615,0
98,obs,red_rubber_sphere,2.2995,3.4772,0
98,obs,brown_metal_cylinder,3.2945,2.0947,0
98,obs,gray_rubber_sphere,2.889,-0.399,0
99,obs,blue_metal_cube,2.1648,-0.4744,0
99,obs,red_rubber_sphere,2.3234,3.5214,0
99,obs,brown_metal_cylinder,3.3094,2.0895,0
99,obs,gray_rubber_sphere,2.9161,-0.4138,0
100,obs,blue_metal_cube,2.1848,-0.4862,0
100,obs,red_rubber_sphere,2.3513,3.54,0
100,obs,brown_metal_cylinder,3.3256,2.0778,0
100,obs,gray_rubber_sphere,2.9442,-0.4075,0
101,obs,blue_metal_cube,2.206,-0.5066,0
101,obs,red_rubber_sphere,2.3853,3.5762,0
101,obs,brown_metal_cylinder,3.3246,2.0724,0
101,obs,gray_rubber_sphere,2.9726,-0.4172,0
102,obs,blue_metal_cube,2.2221,-0.5239,0
102,obs,red_rubber_sphere,2.4108,3.5881,0
102,obs,brown_metal_cylinder,3.3427,2.0728,0
102,obs,gray_rubber_sphere,2.9973,-0.4076,0
103,obs,blue_metal_cube,2.2441,-0.5261,0
103,obs,red_rubber_sphere,2.4338,3.6433,0
103,obs,brown_metal_cylinder,3.3542,2.0499,0
103,obs,gray_rubber_sphere,3.0263,-0.4179,0
104,obs,blue_metal_cube,2.2626,-0.5575,0
104,obs,red_rubber_sphere,2.4651,3.6625,0
104,obs,brown_metal_cylinder,3.3644,2.0535,0
104,obs,gray_rubber_sphere,3.0461,-0.4243,0
105,obs,blue_metal_cube,2.2811,-0.5679,0
105,obs,red_rubber_sphere,2.4914,3.6725,0
105,obs,brown_metal_cylinder,3.3799,2.0637,0
105,obs,gray_rubber_sphere,3.0719,-0.4346,0
106,obs,blue_metal_cube,2.3084,-0.5676,0
106,obs,red_rubber_sphere,2.5141,3.7224,0
106,obs,brown_metal_cylinder,3.3888,2.046,0
106,obs,gray_rubber_sphere,3.1044,-0.4352,0
107,obs,blue_metal_cube,2.323,-0.5936,0
107,obs,red_rubber_sphere,2.5442,3.7385,0
107,obs,brown_metal_cylinder,3.4009,2.0306,0
107,obs,gray_rubber_sphere,3.1289,-0.4368,0
108,obs,blue_metal_cube,2.345,-0.6055,0
108,obs,red_rubber_sphere,2.5642,3.7436,0
108,obs,brown_metal_cylinder,3.4121,2.0042,0
108,obs,gray_rubber_sphere,3.1571,-0.4432,0
109,obs,blue_metal_cube,2.3638,-0.6125,0
109,obs,red_rubber_sphere,2.5975,3.8019,0
109,obs,brown_metal_cylinder,3.421,1.9782,0
109,obs,gray_rubber_sphere,3.1764,-0.45,0
110,obs,blue_metal_cube,2.3819,-0.6277,0
110,obs,red_rubber_sphere,2.6268,3.8201,0
110,obs,brown_metal_cylinder,3.4345,1.9607,0
110,obs,gray_rubber_sphere,3.1986,-0.4652,0
111,obs,blue_metal_cube,2.4031,-0.6327,0
111,obs,red_rubber_sphere,2.6536,3.8531,0
111,obs,brown_metal_cylinder,3.4521,1.9789,0
111,obs,gray_rubber_sphere,3.2162,-0.4583,0
112,obs,blue_metal_cube,2.4137,-0.6414,0
112,obs,red_rubber_sphere,2.6702,3.8631,0
112,obs,brown_metal_cylinder,3.4644,1.9509,0
112,obs,gray_rubber_sphere,3.2347,-0.4708,0
113,obs,blue_metal_cube,2.4331,-0.6629,0
113,obs,red_rubber_sphere,2.7061,3.9008,0
113,obs,brown_metal_cylinder,3.4737,1.9047,0
113,obs,gray_rubber_sphere,3.2497,-0.4794,0
114,obs,blue_metal_cube,2.4537,-0.6705,0
114,obs,red_rubber_sphere,2.727,3.9104,0
114,obs,brown_metal_cylinder,3.483,1.8586,0
114,obs,gray_rubber_sphere,3.2588,-0.4803,0
115,obs,blue_metal_cube,2.4687,-0.6837,0
115,obs,red_rubber_sphere,2.7545,3.9163,0
115,obs,brown_metal_cylinder,3.4867,1.7778,0
115,obs,gray_rubber_sphere,3.2652,-0.493,0
116,obs,blue_metal_cube,2.4833,-0.6878,0
116,obs,red_rubber_sphere,2.7802,3.9727,0
116,obs,gray_rubber_sphere,3.2895,-0.4991,0
117,obs,blue_metal_cube,2.4978,-0.7031,0
117,obs,red_rubber_sphere,2.8074,3.9942,0
117,obs,gray_rubber_sphere,3.3029,-0.5075,0
118,obs,blue_metal_cube,2.516,-0.715,0
118,obs,red_rubber_sphere,2.8393,3.9988,0
118,obs,gray_rubber_sphere,3.3174,-0.5089,0
119,obs,blue_metal_cube,2.5344,-0.7239,0
119,obs,red_rubber_sphere,2.8565,4.0268,0
119,obs,gray_rubber_sphere,3.3295,-0.5229,0
120,obs,blue_metal_cube,2.55,-0.7387,0
120,obs,red_rubber_sphere,2.8902,4.0695,0
120,obs,gray_rubber_sphere,3.3392,-0.5274,0
121,obs,blue_metal_cube,2.5627,-0.7479,0
121,obs,red_rubber_sphere,2.9066,4.1042,0
121,obs,gray_rubber_sphere,3.3507,-0.5367,0
122,obs,blue_metal_cube,2.5753,-0.7573,0
122,obs,red_rubber_sphere,2.936,4.1155,0
122,obs,gray_rubber_sphere,3.3671,-0.5347,0
123,obs,blue_metal_cube,2.5889,-0.7613,0
123,obs,red_rubber_sphere,2.9633,4.1497,0
123,obs,gray_rubber_sphere,3.373,-0.5508,0
124,obs,blue_metal_cube,2.6038,-0.7753,0
124,obs,red_rubber_sphere,2.99,4.1835,0
124,obs,gray_rubber_sphere,3.3827,-0.5618,0
125,obs,blue_metal_cube,2.6225,-0.7918,0
125,obs,red_rubber_sphere,3.0112,4.1858,0
125,obs,gray_rubber_sphere,3.3887,-0.5664,0
126,obs,blue_metal_cube,2.6329,-0.7982,0
126,obs,red_rubber_sphere,3.0401,4.2212,0
126,obs,gray_rubber_sphere,3.3989,-0.5754,0
127,obs,blue_metal_cube,2.6398,-0.8068,0
127,obs,red_rubber_sphere,3.0581,4.2584,0
127,obs,gray_rubber_sphere,3.4178,-0.5773,0
128,obs,blue_metal_cube,2.6509,-0.8163,0
128,obs,red_rubber_sphere,3.0816,4.2875,0
128,obs,gray_rubber_sphere,3.4299,-0.5831,0
129,obs,blue_metal_cube,2.662,-0.8257,0
129,obs,red_rubber_sphere,3.1049,4.3165,0
129,obs,gray_rubber_sphere,3.4418,-0.5889,0
130,obs,blue_metal_cube,2.6731,-0.835,0
130,obs,red_rubber_sphere,3.128,4.3452,0
130,obs,gray_rubber_sphere,3.4536,-0.5948,0
131,obs,blue_metal_cube,2.6841,-0.8441,0
131,obs,red_rubber_sphere,3.151,4.3737,0
131,obs,gray_rubber_sphere,3.4651,-0.6006,0
132,obs,blue_metal_cube,2.6951,-0.8531,0
132,obs,red_rubber_sphere,3.1738,4.402,0
132,obs,gray_rubber_sphere,3.4765,-0.6064,0
133,obs,blue_metal_cube,2.706,-0.8619,0
133,obs,red_rubber_sphere,3.1964,4.4301,0
133,obs,gray_rubber_sphere,3.4877,-0.6122,0
134,obs,blue_metal_cube,2.7169,-0.8705,0
134,obs,red_rubber_sphere,3.2189,4.458,0
134,obs,gray_rubber_sphere,3.4987,-0.6179,0
135,obs,blue_metal_cube,2.7277,-0.8791,0
135,obs,red_rubber_sphere,3.2412,4.4857,0
135,obs,gray_rubber_sphere,3.5096,-0.6237,0
136,obs,blue_metal_cube,2.7385,-0.8874,0
136,obs,red_rubber_sphere,3.2633,4.5131,0
136,obs,gray_rubber_sphere,3.5203,-0.6295,0
137,obs,blue_metal_cube,2.7493,-0.8957,0
137,obs,red_rubber_sphere,3.2853,4.5404,0
137,obs,gray_rubber_sphere,3.5308,-0.6352,0
138,obs,blue_metal_cube,2.76,-0.9037,0
138,obs,red_rubber_sphere,3.3071,4.5674,0
138,obs,gray_rubber_sphere,3.5411,-0.6409,0
139,obs,blue_metal_cube,2.7707,-0.9117,0
139,obs,red_rubber_sphere,3.3287,4.5943,0
139,obs,gray_rubber_sphere,3.5512,-0.6466,0
140,obs,blue_metal_cube,2.7813,-0.9195,0
140,obs,red_rubber_sphere,3.3502,4.621,0
140,obs,gray_rubber_sphere,3.5612,-0.6523,0
141,obs,blue_metal_cube,2.7919,-0.9272,0
141,obs,red_rubber_sphere,3.3715,4.6474,0
141,obs,gray_rubber_sphere,3.571,-0.658,0
142,obs,blue_metal_cube,2.8024,-0.9347,0
142,obs,red_rubber_sphere,3.3926,4.6737,0
142,obs,gray_rubber_sphere,3.5807,-0.6637,0
143,obs,blue_metal_cube,2.8129,-0.9421,0
143,obs,red_rubber_sphere,3.4136,4.6998,0
143,obs,gray_rubber_sphere,3.5901,-0.6694,0
144,obs,blue_metal_cube,2.8234,-0.9494,0
144,obs,red_rubber_sphere,3.4345,4.7256,0
144,obs,gray_rubber_sphere,3.5995,-0.6751,0
145,obs,blue_metal_cube,2.8338,-0.9565,0
145,obs,red_rubber_sphere,3.4552,4.7513,0
145,obs,gray_rubber_sphere,3.6086,-0.6807,0
146,obs,blue_metal_cube,2.8429,-0.9633,0
146,obs,red_rubber_sphere,3.4757,4.7768,0
146,obs,gray_rubber_sphere,3.6188,-0.6866,0
147,obs,blue_metal_cube,2.852,-0.9699,0
147,obs,red_rubber_sphere,3.4961,4.8021,0
147,obs,gray_rubber_sphere,3.6289,-0.6925,0
148,obs,blue_metal_cube,2.861,-0.9764,0
148,obs,red_rubber_sphere,3.5163,4.8272,0
148,obs,gray_rubber_sphere,3.6388,-0.6983,0
149,obs,blue_metal_cube,2.8701,-0.9829,0
149,obs,red_rubber_sphere,3.5364,4.8522,0
149,obs,gray_rubber_sphere,3.6485,-0.7042,0
150,obs,blue_metal_cube,2.8791,-0.9891,0
150,obs,red_rubber_sphere,3.5563,4.8769,0
150,obs,gray_rubber_sphere,3.6581,-0.71,0
151,obs,blue_metal_cube,2.888,-0.9953,0
151,obs,red_rubber_sphere,3.5761,4.9015,0
151,obs,gray_rubber_sphere,3.6675,-0.7159,0
152,obs,blue_metal_cube,2.897,-1.0014,0
152,obs,red_rubber_sphere,3.5957,4.9258,0
152,obs,gray_rubber_sphere,3.6767,-0.7217,0
153,obs,blue_metal_cube,2.9059,-1.0073,0
153,obs,red_rubber_sphere,3.6152,4.95,0
153,obs,gray_rubber_sphere,3.6858,-0.7275,0
154,obs,blue_metal_cube,2.9149,-1.0131,0
154,obs,red_rubber_sphere,3.6346,4.974,0
154,obs,gray_rubber_sphere,3.6947,-0.7333,0
155,obs,blue_metal_cube,2.9238,-1.0188,0
155,obs,red_rubber_sphere,3.6538,4.9979,0
155,obs,gray_rubber_sphere,3.7034,-0.7391,0
156,obs,blue_metal_cube,2.9326,-1.0244,0
156,obs,red_rubber_sphere,3.6728,5.0215,0
156,obs,gray_rubber_sphere,3.712,-0.7449,0
157,obs,blue_metal_cube,2.9415,-1.0299,0
157,obs,red_rubber_sphere,3.6917,5.045,0
157,obs,gray_rubber_sphere,3.7204,-0.7506,0
0,cf,red_rubber_sphere,-3.712,3.6208,0
0,cf,brown_metal_cylinder,1.6456,2.1851,0
0,cf,gray_rubber_sphere,2.2078,-0.2935,0
1,cf,red_rubber_sphere,-3.6214,3.5507,0
1,cf,brown_metal_cylinder,1.6456,2.1851,0
1,cf,gray_rubber_sphere,2.2081,-0.2938,0
2,cf,red_rubber_sphere,-3.5475,3.4849,0
2,cf,brown_metal_cylinder,1.6452,2.1847,0
2,cf,gray_rubber_sphere,2.2096,-0.3051,0
3,cf,red_rubber_sphere,-3.4552,3.4202,0
3,cf,brown_metal_cylinder,1.6452,2.1847,0
3,cf,gray_rubber_sphere,2.2083,-0.2945,0
4,cf,red_rubber_sphere,-3.383,3.3801,0
4,cf,brown_metal_cylinder,1.6454,2.1847,0
4,cf,gray_rubber_sphere,2.2072,-0.3035,0
5,cf,red_rubber_sphere,-3.2971,3.3161,0
5,cf,brown_metal_cylinder,1.6452,2.1847,0
5,cf,gray_rubber_sphere,2.2108,-0.3023,0
6,cf,red_rubber_sphere,-3.2084,3.2476,0
6,cf,brown_metal_cylinder,1.6452,2.1847,0
6,cf,gray_rubber_sphere,2.2072,-0.3035,0
7,cf,red_rubber_sphere,-3.1257,3.167,0
7,cf,brown_metal_cylinder,1.6454,2.1847,0
7,cf,gray_rubber_sphere,2.2075,-0.2934,0
8,cf,red_rubber_sphere,-3.0409,3.1002,0
8,cf,brown_metal_cylinder,1.6454,2.1847,0
8,cf,gray_rubber_sphere,2.2079,-0.2942,0
9,cf,red_rubber_sphere,-2.9631,3.0645,0
9,cf,brown_metal_cylinder,1.6454,2.1852,0
9,cf,gray_rubber_sphere,2.2075,-0.2934,0
10,cf,red_rubber_sphere,-2.8731,2.9901,0
10,cf,brown_metal_cylinder,1.6454,2.1847,0
10,cf,gray_rubber_sphere,2.2073,-0.2936,0
11,cf,red_rubber_sphere,-2.7889,2.9211,0
11,cf,brown_metal_cylinder,1.6454,2.1847,0
11,cf,gray_rubber_sphere,2.2073,-0.2936,0
12,cf,red_rubber_sphere,-2.7226,2.8864,0
12,cf,brown_metal_cylinder,1.6454,2.1847,0
12,cf,gray_rubber_sphere,2.2073,-0.2936,0
13,cf,red_rubber_sphere,-2.6229,2.81,0
13,cf,brown_metal_cylinder,1.6453,2.1842,0
13,cf,gray_rubber_sphere,2.2073,-0.2936,0
14,cf,red_rubber_sphere,-2.5347,2.7288,0
14,cf,brown_metal_cylinder,1.6453,2.1842,0
14,cf,gray_rubber_sphere,2.2073,-0.2936,0
15,cf,red_rubber_sphere,-2.448,2.6753,0
15,cf,brown_metal_cylinder,1.6453,2.1842,0
15,cf,gray_rubber_sphere,2.2073,-0.2936,0
16,cf,red_rubber_sphere,-2.3719,2.6001,0
16,cf,brown_metal_cylinder,1.6453,2.1842,0
16,cf,gray_rubber_sphere,2.2073,-0.2939,0
17,cf,red_rubber_sphere,-2.2943,2.5728,0
17,cf,brown_metal_cylinder,1.6453,2.1842,0
17,cf,gray_rubber_sphere,2.2073,-0.2939,0
18,cf,red_rubber_sphere,-2.2098,2.495,0
18,cf,brown_metal_cylinder,1.6451,2.1842,0
18,cf,gray_rubber_sphere,2.2074,-0.2933,0
19,cf,red_rubber_sphere,-2.1265,2.448,0
19,cf,brown_metal_cylinder,1.6451,2.1842,0
19,cf,gray_rubber_sphere,2.2074,-0.2933,0
20,cf,red_rubber_sphere,-2.0459,2.3756,0
20,cf,brown_metal_cylinder,1.6454,2.1847,0
20,cf,gray_rubber_sphere,2.2074,-0.2933,0
21,cf,red_rubber_sphere,-1.9453,2.301,0
21,cf,brown_metal_cylinder,1.6454,2.1852,0
21,cf,gray_rubber_sphere,2.2074,-0.2933,0
22,cf,red_rubber_sphere,-1.8778,2.2565,0
22,cf,brown_metal_cylinder,1.6454,2.1852,0
22,cf,gray_rubber_sphere,2.2076,-0.2931,0
23,cf,red_rubber_sphere,-1.7919,2.192,0
23,cf,brown_metal_cylinder,1.6454,2.1847,0
23,cf,gray_rubber_sphere,2.2076,-0.2931,0
24,cf,red_rubber_sphere,-1.6975,2.1237,0
24,cf,brown_metal_cylinder,1.6453,2.1842,0
24,cf,gray_rubber_sphere,2.2075,-0.2928,0
25,cf,red_rubber_sphere,-1.6207,2.0528,0
25,cf,brown_metal_cylinder,1.6453,2.1842,0
25,cf,gray_rubber_sphere,2.2075,-0.2928,0
26,cf,red_rubber_sphere,-1.5373,2.0088,0
26,cf,brown_metal_cylinder,1.6454,2.1847,0
26,cf,gray_rubber_sphere,2.2075,-0.2928,0
27,cf,red_rubber_sphere,-1.4554,1.9657,1
27,cf,brown_metal_cylinder,1.6452,2.1847,0
27,cf,gray_rubber_sphere,2.2075,-0.2928,0
28,cf,red_rubber_sphere,-1.3721,1.9172,1
28,cf,brown_metal_cylinder,1.6454,2.1847,0
28,cf,gray_rubber_sphere,2.2074,-0.2933,0
29,cf,red_rubber_sphere,-1.2894,1.869,1
29,cf,brown_metal_cylinder,1.6454,2.1847,0
29,cf,gray_rubber_sphere,2.2074,-0.2933,0
30,cf,red_rubber_sphere,-1.2072,1.8213,1
30,cf,brown_metal_cylinder,1.6454,2.1847,0
30,cf,gray_rubber_sphere,2.2074,-0.293,0
31,cf,red_rubber_sphere,-1.1256,1.7738,1
31,cf,brown_metal_cylinder,1.6454,2.1847,0
31,cf,gray_rubber_sphere,2.2076,-0.2931,0
32,cf,red_rubber_sphere,-1.0445,1.7268,1
32,cf,brown_metal_cylinder,1.6454,2.1847,0
32,cf,gray_rubber_sphere,2.2074,-0.2936,0
33,cf,red_rubber_sphere,-0.9639,1.6801,1
33,cf,brown_metal_cylinder,1.6454,2.1847,0
33,cf,gray_rubber_sphere,2.2073,-0.2933,0
34,cf,red_rubber_sphere,-0.8839,1.6338,1
34,cf,brown_metal_cylinder,1.6453,2.1842,0
34,cf,gray_rubber_sphere,2.2073,-0.2933,0
35,cf,red_rubber_sphere,-0.8043,1.5878,1
35,cf,brown_metal_cylinder,1.6453,2.1842,0
35,cf,gray_rubber_sphere,2.2072,-0.2935,0
36,cf,red_rubber_sphere,-0.7252,1.5422,1
36,cf,brown_metal_cylinder,1.6454,2.1847,0
36,cf,gray_rubber_sphere,2.2072,-0.2935,0
37,cf,red_rubber_sphere,-0.6466,1.4968,1
37,cf,brown_metal_cylinder,1.6454,2.1847,0
37,cf,gray_rubber_sphere,2.2072,-0.2938,0
38,cf,red_rubber_sphere,-0.5685,1.4518,1
38,cf,brown_metal_cylinder,1.6454,2.1847,0
38,cf,gray_rubber_sphere,2.2094,-0.3057,0
39,cf,red_rubber_sphere,-0.4908,1.4072,1
39,cf,brown_metal_cylinder,1.6458,2.1846,0
39,cf,gray_rubber_sphere,2.2071,-0.2941,0
40,cf,red_rubber_sphere,-0.4136,1.3628,1
40,cf,brown_metal_cylinder,1.646,2.1847,0
40,cf,gray_rubber_sphere,2.2071,-0.2941,0
41,cf,red_rubber_sphere,-0.3369,1.3188,1
41,cf,brown_metal_cylinder,1.6462,2.185,0
41,cf,gray_rubber_sphere,2.2094,-0.306,0
42,cf,red_rubber_sphere,-0.2606,1.2751,1
42,cf,brown_metal_cylinder,1.6459,2.1842,0
42,cf,gray_rubber_sphere,2.2075,-0.2936,0
43,cf,red_rubber_sphere,-0.1848,1.2318,1
43,cf,brown_metal_cylinder,1.6457,2.1841,0
43,cf,gray_rubber_sphere,2.2075,-0.2936,0
44,cf,red_rubber_sphere,-0.1094,1.1888,1
44,cf,brown_metal_cylinder,1.6453,2.1842,0
44,cf,gray_rubber_sphere,2.2074,-0.2933,0
45,cf,red_rubber_sphere,-0.0345,1.1461,1
45,cf,brown_metal_cylinder,1.645,2.184,0
45,cf,gray_rubber_sphere,2.2075,-0.2933,0
46,cf,red_rubber_sphere,0.0399,1.1037,1
46,cf,brown_metal_cylinder,1.6454,2.1838,0
46,cf,gray_rubber_sphere,2.2093,-0.3053,0
47,cf,red_rubber_sphere,0.1139,1.0617,1
47,cf,brown_metal_cylinder,1.6463,2.1827,1
47,cf,gray_rubber_sphere,2.2094,-0.3057,0
48,cf,red_rubber_sphere,0.1875,1.0199,1
48,cf,brown_metal_cylinder,1.6465,2.1823,1
48,cf,gray_rubber_sphere,2.2096,-0.3059,0
49,cf,red_rubber_sphere,0.2606,0.9786,1
49,cf,brown_metal_cylinder,1.6468,2.1817,1
49,cf,gray_rubber_sphere,2.2075,-0.2934,0
50,cf,red_rubber_sphere,0.3332,0.9375,1
50,cf,brown_metal_cylinder,1.6469,2.1811,1
50,cf,gray_rubber_sphere,2.2075,-0.2938,0
51,cf,red_rubber_sphere,0.4054,0.8967,1
51,cf,brown_metal_cylinder,1.6471,2.1804,1
51,cf,gray_rubber_sphere,2.2096,-0.306,0
52,cf,red_rubber_sphere,0.4772,0.8563,1
52,cf,brown_metal_cylinder,1.6472,2.1795,1
52,cf,gray_rubber_sphere,2.2094,-0.3068,0
53,cf,red_rubber_sphere,0.5485,0.8162,1
53,cf,brown_metal_cylinder,1.6473,2.1786,1
53,cf,gray_rubber_sphere,2.2092,-0.3073,0
54,cf,red_rubber_sphere,0.6194,0.7765,1
54,cf,brown_metal_cylinder,1.6473,2.1775,1
54,cf,gray_rubber_sphere,2.2091,-0.3071,0
55,cf,red_rubber_sphere,0.6898,0.737,1
55,cf,brown_metal_cylinder,1.6473,2.1763,1
55,cf,gray_rubber_sphere,2.2091,-0.3071,0
56,cf,red_rubber_sphere,0.7598,0.6979,1
56,cf,brown_metal_cylinder,1.6473,2.175,1
56,cf,gray_rubber_sphere,2.209,-0.307,0
57,cf,red_rubber_sphere,0.8294,0.6591,1
57,cf,brown_metal_cylinder,1.6473,2.1736,1
57,cf,gray_rubber_sphere,2.2088,-0.3067,0
58,cf,red_rubber_sphere,0.8985,0.6206,1
58,cf,brown_metal_cylinder,1.6472,2.1721,1
58,cf,gray_rubber_sphere,2.2088,-0.307,0
59,cf,red_rubber_sphere,0.9672,0.5824,1
59,cf,brown_metal_cylinder,1.6472,2.1705,1
59,cf,gray_rubber_sphere,2.2085,-0.3071,0
60,cf,red_rubber_sphere,1.0354,0.5446,1
60,cf,brown_metal_cylinder,1.6471,2.1688,1
60,cf,gray_rubber_sphere,2.2087,-0.3066,0
61,cf,red_rubber_sphere,1.1032,0.5071,1
61,cf,brown_metal_cylinder,1.647,2.1669,1
61,cf,gray_rubber_sphere,2.2087,-0.3066,0
62,cf,red_rubber_sphere,1.1705,0.4699,1
62,cf,brown_metal_cylinder,1.647,2.165,1
62,cf,gray_rubber_sphere,2.2083,-0.3061,0
63,cf,red_rubber_sphere,1.2374,0.433,1
63,cf,brown_metal_cylinder,1.6469,2.1629,1
63,cf,gray_rubber_sphere,2.2086,-0.3063,0
64,cf,red_rubber_sphere,1.3038,0.3964,1
64,cf,brown_metal_cylinder,1.6468,2.1607,1
64,cf,gray_rubber_sphere,2.2086,-0.3063,0
65,cf,red_rubber_sphere,1.3698,0.3602,1
65,cf,brown_metal_cylinder,1.6467,2.1584,1
65,cf,gray_rubber_sphere,2.2063,-0.306,0
66,cf,red_rubber_sphere,1.4354,0.3242,1
66,cf,brown_metal_cylinder,1.6467,2.156,1
66,cf,gray_rubber_sphere,2.2067,-0.3058,1
67,cf,red_rubber_sphere,1.5005,0.2886,1
67,cf,brown_metal_cylinder,1.6466,2.1535,1
67,cf,gray_rubber_sphere,2.2063,-0.3056,1
68,cf,red_rubber_sphere,1.565,0.2534,1
68,cf,brown_metal_cylinder,1.6465,2.1509,1
68,cf,gray_rubber_sphere,2.2059,-0.3053,1
69,cf,red_rubber_sphere,1.629,0.2186,1
69,cf,brown_metal_cylinder,1.6465,2.1482,1
69,cf,gray_rubber_sphere,2.2057,-0.3051,1
70,cf,red_rubber_sphere,1.6922,0.1843,1
70,cf,brown_metal_cylinder,1.6465,2.1454,1
70,cf,gray_rubber_sphere,2.2056,-0.3051,1
71,cf,red_rubber_sphere,1.7167,0.1857,1
71,cf,brown_metal_cylinder,1.6465,2.1425,1
71,cf,gray_rubber_sphere,2.2438,-0.3402,1
72,cf,red_rubber_sphere,1.7409,0.1872,1
72,cf,brown_metal_cylinder,1.6465,2.1395,1
72,cf,gray_rubber_sphere,2.2818,-0.3751,1
73,cf,red_rubber_sphere,1.7647,0.189,1
73,cf,brown_metal_cylinder,1.6465,2.1363,1
73,cf,gray_rubber_sphere,2.3198,-0.41,1
74,cf,red_rubber_sphere,1.7882,0.1911,1
74,cf,brown_metal_cylinder,1.6466,2.1331,1
74,cf,gray_rubber_sphere,2.3576,-0.4447,1
75,cf,red_rubber_sphere,1.8113,0.1934,1
75,cf,brown_metal_cylinder,1.6467,2.1298,1
75,cf,gray_rubber_sphere,2.3952,-0.4792,1
76,cf,red_rubber_sphere,1.8342,0.1958,1
76,cf,brown_metal_cylinder,1.6468,2.1264,1
76,cf,gray_rubber_sphere,2.4326,-0.5134,1
77,cf,red_rubber_sphere,1.8569,0.1983,1
77,cf,brown_metal_cylinder,1.6469,2.1229,1
77,cf,gray_rubber_sphere,2.4698,-0.5474,1
78,cf,red_rubber_sphere,1.8793,0.2009,1
78,cf,brown_metal_cylinder,1.6471,2.1193,1
78,cf,gray_rubber_sphere,2.5066,-0.5811,1
79,cf,red_rubber_sphere,1.9017,0.2035,1
79,cf,brown_metal_cylinder,1.6473,2.1157,1
79,cf,gray_rubber_sphere,2.5432,-0.6145,1
80,cf,red_rubber_sphere,1.9238,0.2062,1
80,cf,brown_metal_cylinder,1.6475,2.1119,1
80,cf,gray_rubber_sphere,2.5795,-0.6475,1
81,cf,red_rubber_sphere,1.9458,0.2088,1
81,cf,brown_metal_cylinder,1.6477,2.1081,1
81,cf,gray_rubber_sphere,2.6154,-0.6802,1
82,cf,red_rubber_sphere,1.9677,0.2115,1
82,cf,brown_metal_cylinder,1.648,2.1041,1
82,cf,gray_rubber_sphere,2.651,-0.7125,1
83,cf,red_rubber_sphere,1.9894,0.2141,1
83,cf,brown_metal_cylinder,1.6483,2.1001,1
83,cf,gray_rubber_sphere,2.6863,-0.7444,1
84,cf,red_rubber_sphere,2.011,0.2168,1
84,cf,brown_metal_cylinder,1.6487,2.096,1
84,cf,gray_rubber_sphere,2.7212,-0.7761,1
85,cf,red_rubber_sphere,2.0324,0.2195,1
85,cf,brown_metal_cylinder,1.649,2.0919,1
85,cf,gray_rubber_sphere,2.7559,-0.8073,1
86,cf,red_rubber_sphere,2.0537,0.2222,1
86,cf,brown_metal_cylinder,1.6494,2.0876,1
86,cf,gray_rubber_sphere,2.7903,-0.8383,1
87,cf,red_rubber_sphere,2.0749,0.2249,1
87,cf,brown_metal_cylinder,1.6499,2.0833,1
87,cf,gray_rubber_sphere,2.8243,-0.8689,1
88,cf,red_rubber_sphere,2.0959,0.2277,1
88,cf,brown_metal_cylinder,1.6504,2.0789,1
88,cf,gray_rubber_sphere,2.858,-0.8991,1
89,cf,red_rubber_sphere,2.1167,0.2304,1
89,cf,brown_metal_cylinder,1.6509,2.0744,1
89,cf,gray_rubber_sphere,2.8915,-0.9291,1
90,cf,red_rubber_sphere,2.1374,0.2332,1
90,cf,brown_metal_cylinder,1.6515,2.0698,1
90,cf,gray_rubber_sphere,2.9246,-0.9587,1
91,cf,red_rubber_sphere,2.1579,0.2359,1
91,cf,brown_metal_cylinder,1.652,2.0652,1
91,cf,gray_rubber_sphere,2.9574,-0.988,1
92,cf,red_rubber_sphere,2.1783,0.2387,1
92,cf,brown_metal_cylinder,1.6527,2.0605,1
92,cf,gray_rubber_sphere,2.99,-1.0169,1
93,cf,red_rubber_sphere,2.1986,0.2415,1
93,cf,brown_metal_cylinder,1.6534,2.0558,1
93,cf,gray_rubber_sphere,3.0222,-1.0456,1
94,cf,red_rubber_sphere,2.2187,0.2443,1
94,cf,brown_metal_cylinder,1.6541,2.0509,1
94,cf,gray_rubber_sphere,3.0541,-1.0739,1
95,cf,red_rubber_sphere,2.2387,0.2471,1
95,cf,brown_metal_cylinder,1.6548,2.046,1
95,cf,gray_rubber_sphere,3.0858,-1.1019,1
96,cf,red_rubber_sphere,2.2585,0.2499,1
96,cf,brown_metal_cylinder,1.6556,2.0411,1
96,cf,gray_rubber_sphere,3.1171,-1.1296,1
97,cf,red_rubber_sphere,2.2782,0.2527,1
97,cf,brown_metal_cylinder,1.6565,2.036,1
97,cf,gray_rubber_sphere,3.1482,-1.157,1
98,cf,red_rubber_sphere,2.2977,0.2555,1
98,cf,brown_metal_cylinder,1.6573,2.0309,1
98,cf,gray_rubber_sphere,3.179,-1.1841,1
99,cf,red_rubber_sphere,2.3171,0.2583,1
99,cf,brown_metal_cylinder,1.6583,2.0258,1
99,cf,gray_rubber_sphere,3.2095,-1.2108,1
100,cf,red_rubber_sphere,2.3363,0.2611,1
100,cf,brown_metal_cylinder,1.6592,2.0206,1
100,cf,gray_rubber_sphere,3.2397,-1.2373,1
101,cf,red_rubber_sphere,2.3554,0.2639,1
101,cf,brown_metal_cylinder,1.6602,2.0153,1
101,cf,gray_rubber_sphere,3.2696,-1.2634,1
102,cf,red_rubber_sphere,2.3744,0.2667,1
102,cf,brown_metal_cylinder,1.6613,2.01,1
102,cf,gray_rubber_sphere,3.2993,-1.2892,1
103,cf,red_rubber_sphere,2.3932,0.2695,1
103,cf,brown_metal_cylinder,1.6624,2.0046,1
103,cf,gray_rubber_sphere,3.3286,-1.3148,1
104,cf,red_rubber_sphere,2.4119,0.2723,1
104,cf,brown_metal_cylinder,1.6635,1.9992,1
104,cf,gray_rubber_sphere,3.3577,-1.3401,1
105,cf,red_rubber_sphere,2.4305,0.2751,1
105,cf,brown_metal_cylinder,1.6646,1.9939,1
105,cf,gray_rubber_sphere,3.3866,-1.3651,1
106,cf,red_rubber_sphere,2.4489,0.2779,1
106,cf,brown_metal_cylinder,1.6657,1.9885,1
106,cf,gray_rubber_sphere,3.4152,-1.3899,1
107,cf,red_rubber_sphere,2.4672,0.2807,1
107,cf,brown_metal_cylinder,1.6669,1.9832,1
107,cf,gray_rubber_sphere,3.4436,-1.4145,1
108,cf,red_rubber_sphere,2.4853,0.2835,1
108,cf,brown_metal_cylinder,1.668,1.9778,1
108,cf,gray_rubber_sphere,3.4718,-1.4389,1
109,cf,red_rubber_sphere,2.5033,0.2863,1
109,cf,brown_metal_cylinder,1.6692,1.9725,1
109,cf,gray_rubber_sphere,3.4997,-1.4631,1
110,cf,red_rubber_sphere,2.5211,0.289,1
110,cf,brown_metal_cylinder,1.6704,1.9672,1
110,cf,gray_rubber_sphere,3.5274,-1.487,1
111,cf,red_rubber_sphere,2.5388,0.2918,1
111,cf,brown_metal_cylinder,1.6716,1.9619,1
111,cf,gray_rubber_sphere,3.5548,-1.5107,1
112,cf,red_rubber_sphere,2.5564,0.2946,1
112,cf,brown_metal_cylinder,1.6728,1.9566,1
112,cf,gray_rubber_sphere,3.5821,-1.5341,1
113,cf,red_rubber_sphere,2.5738,0.2974,1
113,cf,brown_metal_cylinder,1.6741,1.9513,1
113,cf,gray_rubber_sphere,3.6091,-1.5574,1
114,cf,red_rubber_sphere,2.5911,0.3002,1
114,cf,brown_metal_cylinder,1.6753,1.946,1
114,cf,gray_rubber_sphere,3.6358,-1.5804,1
115,cf,red_rubber_sphere,2.6083,0.3029,1
115,cf,brown_metal_cylinder,1.6766,1.9408,1
115,cf,gray_rubber_sphere,3.6624,-1.6032,1
116,cf,red_rubber_sphere,2.6253,0.3057,1
116,cf,brown_metal_cylinder,1.6779,1.9355,1
116,cf,gray_rubber_sphere,3.6887,-1.6258,1
117,cf,red_rubber_sphere,2.6422,0.3084,1
117,cf,brown_metal_cylinder,1.6792,1.9303,1
117,cf,gray_rubber_sphere,3.7148,-1.6482,1
118,cf,red_rubber_sphere,2.6589,0.3112,1
118,cf,brown_metal_cylinder,1.6805,1.9251,1
118,cf,gray_rubber_sphere,3.7407,-1.6704,1
119,cf,red_rubber_sphere,2.6756,0.3139,1
119,cf,brown_metal_cylinder,1.6819,1.9198,1
119,cf,gray_rubber_sphere,3.7663,-1.6923,1
120,cf,red_rubber_sphere,2.692,0.3167,1
120,cf,brown_metal_cylinder,1.6832,1.9146,1
120,cf,gray_rubber_sphere,3.7918,-1.7141,1
121,cf,red_rubber_sphere,2.7084,0.3194,1
121,cf,brown_metal_cylinder,1.6846,1.9094,1
121,cf,gray_rubber_sphere,3.817,-1.7356,1
122,cf,red_rubber_sphere,2.7246,0.3221,1
122,cf,brown_metal_cylinder,1.686,1.9043,1
122,cf,gray_rubber_sphere,3.842,-1.757,1
123,cf,red_rubber_sphere,2.7407,0.3248,1
123,cf,brown_metal_cylinder,1.6874,1.8991,1
123,cf,gray_rubber_sphere,3.8668,-1.7781,1
124,cf,red_rubber_sphere,2.7566,0.3275,1
124,cf,brown_metal_cylinder,1.6889,1.894,1
124,cf,gray_rubber_sphere,3.8914,-1.799,1
125,cf,red_rubber_sphere,2.7724,0.3302,1
125,cf,brown_metal_cylinder,1.6903,1.8888,1
125,cf,gray_rubber_sphere,3.9158,-1.8198,1
126,cf,red_rubber_sphere,2.7881,0.3329,1
126,cf,brown_metal_cylinder,1.6918,1.8837,1
126,cf,gray_rubber_sphere,3.94,-1.8403,1
127,cf,red_rubber_sphere,2.8036,0.3356,1
127,cf,brown_metal_cylinder,1.6933,1.8786,1
127,cf,gray_rubber_sphere,3.964,-1.8606,1
128,cf,red_rubber_sphere,2.819,0.3383,1
128,cf,brown_metal_cylinder,1.6948,1.8735,1
128,cf,gray_rubber_sphere,3.9878,-1.8807,1
129,cf,red_rubber_sphere,2.8343,0.341,1
129,cf,brown_metal_cylinder,1.6964,1.8684,1
129,cf,gray_rubber_sphere,4.0114,-1.9007,1
130,cf,red_rubber_sphere,2.8494,0.3436,1
130,cf,brown_metal_cylinder,1.6979,1.8633,1
130,cf,gray_rubber_sphere,4.0347,-1.9204,1
131,cf,red_rubber_sphere,2.8644,0.3463,1
131,cf,brown_metal_cylinder,1.6995,1.8582,1
131,cf,gray_rubber_sphere,4.0579,-1.94,1
132,cf,red_rubber_sphere,2.8793,0.3489,1
132,cf,brown_metal_cylinder,1.7011,1.8532,1
132,cf,gray_rubber_sphere,4.0809,-1.9593,1
133,cf,red_rubber_sphere,2.8941,0.3515,1
133,cf,brown_metal_cylinder,1.7027,1.8482,1
133,cf,gray_rubber_sphere,4.1037,-1.9785,1
134,cf,red_rubber_sphere,2.9087,0.3541,1
134,cf,brown_metal_cylinder,1.7044,1.8432,1
134,cf,gray_rubber_sphere,4.1263,-1.9975,1
135,cf,red_rubber_sphere,2.9232,0.3567,1
135,cf,brown_metal_cylinder,1.706,1.8382,1
135,cf,gray_rubber_sphere,4.1487,-2.0163,1
136,cf,red_rubber_sphere,2.9375,0.3593,1
136,cf,brown_metal_cylinder,1.7077,1.8332,1
136,cf,gray_rubber_sphere,4.1709,-2.0349,1
137,cf,red_rubber_sphere,2.9518,0.3619,1
137,cf,brown_metal_cylinder,1.7094,1.8282,1
137,cf,gray_rubber_sphere,4.1929,-2.0533,1
138,cf,red_rubber_sphere,2.9659,0.3645,1
138,cf,brown_metal_cylinder,1.7112,1.8232,1
138,cf,gray_rubber_sphere,4.2148,-2.0715,1
139,cf,red_rubber_sphere,2.9799,0.3671,1
139,cf,brown_metal_cylinder,1.7129,1.8183,1
139,cf,gray_rubber_sphere,4.2364,-2.0896,1
140,cf,red_rubber_sphere,2.9937,0.3696,1
140,cf,brown_metal_cylinder,1.7147,1.8134,1
140,cf,gray_rubber_sphere,4.2579,-2.1074,1
141,cf,red_rubber_sphere,3.0074,0.3721,1
141,cf,brown_metal_cylinder,1.7165,1.8084,1
141,cf,gray_rubber_sphere,4.2792,-2.1251,1
142,cf,red_rubber_sphere,3.021,0.3747,1
142,cf,brown_metal_cylinder,1.7183,1.8035,1
142,cf,gray_rubber_sphere,4.3003,-2.1426,1
143,cf,red_rubber_sphere,3.0345,0.3772,1
143,cf,brown_metal_cylinder,1.7202,1.7987,1
143,cf,gray_rubber_sphere,4.3212,-2.16,1
144,cf,red_rubber_sphere,3.0479,0.3797,1
144,cf,brown_metal_cylinder,1.722,1.7938,1
144,cf,gray_rubber_sphere,4.3419,-2.1772,1
145,cf,red_rubber_sphere,3.0611,0.3822,1
145,cf,brown_metal_cylinder,1.7239,1.7889,1
145,cf,gray_rubber_sphere,4.3625,-2.1941,1
146,cf,red_rubber_sphere,3.0742,0.3846,1
146,cf,brown_metal_cylinder,1.7258,1.7841,1
146,cf,gray_rubber_sphere,4.3829,-2.211,1
147,cf,red_rubber_sphere,3.0872,0.3871,1
147,cf,brown_metal_cylinder,1.7278,1.7793,1
147,cf,gray_rubber_sphere,4.4031,-2.2276,1
148,cf,red_rubber_sphere,3.1,0.3895,1
148,cf,brown_metal_cylinder,1.7297,1.7745,1
148,cf,gray_rubber_sphere,4.4231,-2.2441,1
149,cf,red_rubber_sphere,3.1127,0.392,1
149,cf,brown_metal_cylinder,1.7317,1.7697,1
149,cf,gray_rubber_sphere,4.443,-2.2604,1
150,cf,red_rubber_sphere,3.1254,0.3944,1
150,cf,brown_metal_cylinder,1.7337,1.7649,1
150,cf,gray_rubber_sphere,4.4627,-2.2765,1
151,cf,red_rubber_sphere,3.1378,0.3968,1
151,cf,brown_metal_cylinder,1.7357,1.7601,1
151,cf,gray_rubber_sphere,4.4822,-2.2925,1
152,cf,red_rubber_sphere,3.1502,0.3992,1
152,cf,brown_metal_cylinder,1.7378,1.7554,1
152,cf,gray_rubber_sphere,4.5016,-2.3083,1
153,cf,red_rubber_sphere,3.1625,0.4015,1
153,cf,brown_metal_cylinder,1.7398,1.7507,1
153,cf,gray_rubber_sphere,4.5207,-2.3239,1
154,cf,red_rubber_sphere,3.1746,0.4039,1
154,cf,brown_metal_cylinder,1.7419,1.746,1
154,cf,gray_rubber_sphere,4.5398,-2.3394,1
155,cf,red_rubber_sphere,3.1866,0.4062,1
155,cf,brown_metal_cylinder,1.744,1.7413,1
155,cf,gray_rubber_sphere,4.5586,-2.3547,1
156,cf,red_rubber_sphere,3.1985,0.4085,1
156,cf,brown_metal_cylinder,1.7462,1.7366,1
156,cf,gray_rubber_sphere,4.5773,-2.3699,1
157,cf,red_rubber_sphere,3.2103,0.4108,1
157,cf,brown_metal_cylinder,1.7483,1.7319,1
157,cf,gray_rubber_sphere,4.5959,-2.3849,1
