change,d_options_pp,ci_lo,ci_hi,d_questions_pp,q_ci_lo,q_ci_hi
no physics,-8.97,-9.77,-8.14,-22.15,-24.0,-20.25
straight lines,-0.75,-1.31,-0.16,-2.1,-3.62,-0.57
straight lines + friction,-0.22,-0.8,0.35,-0.34,-1.8,1.16
textbook laws,1.02,0.58,1.44,2.71,1.46,3.86
no extension past the video end,-4.55,-5.1,-3.98,-14.28,-15.94,-12.63
12-frame hand-off,-1.23,-1.71,-0.77,-3.17,-4.36,-2.03
distance rule only,-0.32,-0.48,-0.17,-0.8,-1.29,-0.34
no voxel contact impulse,-0.77,-1.23,-0.31,-1.95,-3.05,-0.8
no learned pair energy,0.4,0.16,0.63,1.11,0.42,1.79
no learned friction,0.12,-0.26,0.5,-0.04,-1.07,0.92
no entry correction,-0.09,-0.22,0.06,-0.27,-0.61,0.08
seed 1,0.11,-0.18,0.39,0.11,-0.69,0.92
seed 2,-0.32,-0.63,-0.01,-0.95,-1.81,-0.08
seed 3,0.1,-0.15,0.33,0.11,-0.54,0.76
seed 4,-0.26,-0.6,0.12,-0.65,-1.53,0.27
seed 5,-0.06,-0.31,0.17,-0.27,-0.92,0.35
seed 6,-0.43,-0.77,-0.1,-1.45,-2.41,-0.5
